"First Name","Email Address",Url,Telephone,Address
Rapicopias,rapicopias1@gmail.com,www.rapicopias.com,"(+57) 301 7882095(+57) 4 4484710(+57) 4 4801880","Tr51a 69 - 05Medellín - Antioquia"
"Impresores Sas - Artes Gráficas",ventas@impresoressas.com,www.impresoressas.com,"(+57) 322 5818785(+57) 2 3451244","CaliCali - Valle Del Cauca"
"Graficas Tj - Urgencias Litográficas Entrega  En 24 Horas",graficastjventas@gmail.com,www.graficastjcali.com,"(+57) 2 3709092(+57) 314 7624064","Cr3 19-57Cali - Valle Del Cauca"
"Publicidad Litografia - Tipografia",ventas@impresoressas.com,www.publicidadsas.com,"(+57) 2 3709211(+57) 323 4023615","CaliCali - Valle Del Cauca"
"Litografia - Fabrica De Agendas Y Cuadernos",ventas@impresoressas.com,www.fabricadeagendas.com,"(+57) 2 3451213(+57) 321 8990095","CaliCali - Valle Del Cauca"
"Photo Impress",misfotos@universalfotografica.com,www.impress.com.co,"(+57) 2 8805020(+57) 320 6900780","Calle 13 3 -29Cali - Valle Del Cauca"
"Innova Publicidad Visual S.A.S.",f.rodriguez@innovapublicidad.com.co,www.innovapublicidad.com.co,"(+57) 1 7560547","Cr 25 A 10-60Bogotá - Distrito Capital"
"Tecni Arte Digital",tecniartedigital@hotmail.com,www.tecniartedigital.com,"(+57) 6 3353500(+57) 320 6974500","Cr5 16-27 Of 4 Edif el CoralPereira - Risaralda"
"Ace- Printer",rodolfo.printer@hotmail.com,www.aceprinter.com.co,"(+57) 1 3471196(+57) 1 2172265(+57) 311 8089669(+57) 1 2172325","Cr15 70 A-40Bogotá - Distrito Capital"
"Servimpresos Publicidad S.A.S.",servimpresospublicidad@gmail.com,www.servimpresospublicidad.com,"(+57) 6 3293632(+57) 314 6798253","Cl 31 10 - 10Pereira - Risaralda"
"Soluciones Integrales Gráficas Solingraf Ltda.",ventas@solingraf.com.co,www.solingraf.com.co,"(+57) 4 4487101(+57) 4 5409730(+57) 320 6798207(+57) 4 2356764","Cl 80 S 47D - 163Bdg 102 Bodegas EcológicasSabaneta - Antioquia"
"Hemisferio Diseño Y Publicidad",contabilidad.hemisferio@gmail.com,www.hemisferiopublicidad.com,"(+57) 4 4440377","Cl 33 83c - 20Medellín - Antioquia"
"Soluciones Y Carnets S.A.S.",ventas@solucionesycarnets.com,www.solucionesycarnets.com,"(+57) 2 5249952(+57) 2 5249953(+57) 304 5617561","Cr2 17-57 P-2Cali - Valle Del Cauca"
"Papelería El Cid S.A.S.",papelcid@une.net.co,,"(+57) 4 4489411(+57) 4 2859411","Cl 1 S 50 F - 23Medellín - Antioquia"
"Icon Impresiones",iconimpresiones@gmail.com,www.iconimpresiones.com,"(+57) 310 8458847(+57) 310 8458847(+57) 317 5211268(+57) 2 5575698","Cr35 4b - 18 Of 302Cali - Valle Del Cauca"
"Marquetería Y Vidrios Chico",marqueteriachico106@gmail.com,www.vidriosymarqueteriachico.com.co,"(+57) 1 6932846(+57) 311 2015289","Cl 106 8 - 52Bogotá - Distrito Capital"
"Poster'S Digital Ltda.",w.celis@postersdigital.net,www.postersdigital.net,"(+57) 7 6454399(+57) 316 8748253","Cl 36 28 - 53Bucaramanga - Santander"
"Papelería Atlantic",wilfermorales9@hotmail.com,www.papeleriatlantic.com,"(+57) 310 3928797(+57) 4 5112138","Cr51 A 46-51 Loc 132Medellín - Antioquia"
"Multigráficas S.A.S",multigraficas@multigraficasltda.com,www.multigraficas.co,"(+57) 4 5113750","Cl 52 53 - 55Medellín - Antioquia"
"Arte Lys Centro De Copiado",lys@lyscopiado.com,.com,"(+57) 4 6044068(+57) 302 3330568(+57) 302 3330569(+57) 318 2974227","Centro Cl 48 42 - 41 L-106Medellín - Antioquia"
Auros,unicopias@aurosnet.com,www.auros.com.co,"(+57) 1 7469937(+57) 316 2504906(+57) 1 7469936","Autop Norte 100-34 L 101Bogotá - Distrito Capital"
"Plotcenter Impresiones",plotcenter2006@gmail.com,www.plotcenterneiva.com,"(+57) 8 8667364(+57) 8 8723581(+57) 301 6679638","Av la Toma 4 - 80 Ed Torrenova Loc 105Neiva - Huila"
"Ochoa Impresores S.A.S.",comercial@ochoaimpresores.com,www.ochoaimpresores.com,"(+57) 1 6300520","Cr28 71 - 65Bogotá - Distrito Capital"
"JM Impresores",jmimpresores2014@gmail.com,www.jmimpresoresvillavo.com,"(+57) 8 6661815(+57) 320 8486949","Cr33 35-80 Brr Barzal BajoVillavicencio - Meta"
Citygraphics,citygraphics.imp@gmail.com,www.citygraphics.com.co,"(+57) 1 2377530(+57) 312 3742749","Cr28 10 - 40 Loc 339Bogotá - Distrito Capital"
"Soho Publicidad S.A.S.",sohopublicidad@hotmail.com,www.soho-publicidad.com,"(+57) 4 4449865(+57) 313 6571235","Cr45 39 - 71Medellín - Antioquia"
"Editorial Lopez S.A.S.",comercial@editoriallopez.com,www.editoriallopez.com,"(+57) 2 8242455(+57) 315 4925947(+57) 315 4925946","Cra 8 6 - 73Popayán - Cauca"
"Gráficas Superior",graficasuperior@gmail.com,www.graficassuperior.co,"(+57) 6 7359258(+57) 311 3159496","Cr12 22 - 26Armenia - Quindio"
"Impresores Osma",osmaimpresores@hotmail.com,www.osmaimpresores.com,"(+57) 7 6424748(+57) 316 4308980","Cl 42 19 - 48Bucaramanga - Santander"
"Gráficas Montoya",mariagraficas@yahoo.es,www.graficasmontoya.com,"(+57) 315 4856059(+57) 4 4796869","Cr45 44 - 95Medellín - Antioquia"
"Speedy Imprenta Rápida S.A.",sspeedy@une.net.co,.com,"(+57) 4 2669266","Cr43 B 10-36Medellín - Antioquia"
Yancapublicidad,corporativo@yancapublicidad.com,www.yancapublicidad.com,"(+57) 2 8801935(+57) 2 3955481(+57) 315 6436001","Cl 18 3-61Cali - Valle Del Cauca"
"Producción Gráfica",info@producciongrafica.co,www.producciongrafica.co,"(+57) 1 7039477(+57) 1 2777550","Cl 9 27 - 37Bogotá - Distrito Capital"
"Creo Impresión & Publicidad",creoimpresiones@gmail.com,www.creopublicidad.com,"(+57) 318 3920580(+57) 2 2382526","Cr9 5-65Buga - Valle Del Cauca"
Imagext,imagext@yahoo.com,www.imagext.com.co,"(+57) 4 3813403(+57) 317 7082372","Cr45 41-30 Int 101Medellín - Antioquia"
"Gráficas Vifa Ltda.",vifaingdidactica@hotmail.com,www.graficasvifa.com,"(+57) 5 3406187(+57) 310 6265350(+57) 319 2199198","Cl 37 39 - 27Barranquilla - Atlántico"
"Impresos & Marquillas Gamma S.A.S.",marquillasgamma@gmail.com,www.marquillasgamma.com,"(+57) 322 8817913(+57) 6 3358820(+57) 6 3413219","Cr10 20 - 57 CentroPereira - Risaralda"
"Gráficas Aladino S.A.S.",graficas-aladino@hotmail.com,www.graficasaladino.com,"(+57) 4 4483301(+57) 320 6715437","Cl 51 54 - 47Medellín - Antioquia"
"Punto Litográfico Editorial",puntolitografico@yahoo.es,www.puntolitografico.com,"(+57) 6 8823583","Cl 18 16 - 30Manizales - Caldas"
"Espagraf Especialistas En Artes Graficas",info@espagraf.com.co,www.espagraf.com.co,"(+57) 4 2317733(+57) 300 8028947(+57) 301 3274654","Cl 45 45 A-13 CentroMedellín - Antioquia"
"Mega Print Ediciones",megaprintcali@hotmail.com,.com,"(+57) 2 3713232(+57) 2 8801683(+57) 310 3210922","Cr4 18 - 61Cali - Valle Del Cauca"
"Litografía Nicolás Aristizábal",nicolasaristizabal@yahoo.com,litografia-nicolas-aristizabal.negocio.site,"(+57) 4 5126030(+57) 4 2319225","Cr54 54 - 100 Oficina 205Medellín - Antioquia"
"Tienda Cristiana Maná",tiendacristianamana@gmail.com,www.tiendacristianamana.com,"(+57) 312 3559010","Cl 15 14 - 58Florencia - Caquetá"
"Impresos Oese",impresosofe@hotmail.com,.com,"(+57) 2 8816175(+57) 2 8833428","Cl 10 10-46Cali - Valle Del Cauca"
"Manimpress Centro Litográfico",carls2346@hotmail.com,.com,"(+57) 6 8731368(+57) 316 8342207","Cl 27 22 - 19Manizales - Caldas"
"Litocromía S.A.S.",litocromia@une.net.co,www.litocromia.com,"(+57) 4 2130101","Cr50 C 63 - 45Medellín - Antioquia"
"Gráficas Del Eje",graficasdeleje@gmail.com,www.graficasdeleje.com/,,"Cr21 26-48Manizales - Caldas"
"Agencia Essential Cg",agencia@essentialcg.com.co,www.essentialcg.com.co,"(+57) 317 6433411","Atención Personalizada enManizales - Caldas"
"Perifoneo Medellín",perifoneomedellin@gmail.com,www.perifoneo.com.co,"(+57) 312 8326810(+57) 4 5809428","Cl 58a 85e - 07Medellín - Antioquia"
"Avilan Grafito Impresores",gerencia@avilangrafito.com,www.avilangrafito.com,"(+57) 1 4560144(+57) 314 3342555","Cr57 5 A - 15Bogotá - Distrito Capital"
"Litografia Y Tipografia Mejia",litomejia@litomejia.com,www.litomejia.com,"(+57) 2 8831753(+57) 2 8894611(+57) 2 8841588","Cr2 18-62Cali - Valle Del Cauca"
"Comercializadora Y Litografía Mundo",mundo12_jose@yahoo.es,.com,"(+57) 310 4321018(+57) 2 8800208(+57) 2 8800239","Cl 18 2-51Cali - Valle Del Cauca"
"Encuadernacion Nueva Vision",ariel@encuadernacionnuevavision.com,www.encuadernacionnuevavision.com,"(+57) 1 7492636(+57) 311 2076154","Carrera 8g Bis 159b - 73Bogotá - Distrito Capital"
"Tipografía - Litografía Rosmet",rosmet@gmail.com,,"(+57) 1 2505461(+57) 1 3112634(+57) 1 6308375(+57) 310 5553523","Cl 72 30 - 34Bogotá - Distrito Capital"
"Editorial Tizan",graficastizan@gmail.com,.com,,"Cl 25 N 22 - 23 Of 405Manizales - Caldas"
"Gráficas Europa Ltda.",graficaseuropa.gerencia@gmail.com,www.graficaseuropa.com,"(+57) 1 7451382(+57) 312 4782919","Cr71 B 53 - 50Bogotá - Distrito Capital"
"Cuery Marroquinerîa Sostenible",info.cuery@gmail.com,www.cuery.com.co,"(+57) 313 6084915(+57) 4 2529712","Cl 48 Dd 99 Cc-08Medellín - Antioquia"
"Gráficas Expresión Lineal E.U.",expresionlineal@yahoo.com,www.graficasexpresionlineal.com,"(+57) 4 4446516(+57) 311 3277224","Cr66 B 34-84Medellín - Antioquia"
"Imprima S.A.S.",imprimasascartagena@gmail.com,imprimacartagena.com,"(+57) 5 6743407(+57) 5 6746100(+57) 300 8371321","Tr37 22 - 32Cartagena - Bolívar"
"Impresos Multicolor",nellymg33@gmail.com,.com,"(+57) 8 5125558(+57) 318 3878935","C.C. Tropicana Loc 111San Andrés - San Andrés Y Providencia"
"Supercolor Imagen Digital",desupercolor@gmail.com,www.supercolor.com.co,"(+57) 6 3243261(+57) 6 3347049(+57) 310 4234046","Cr5 25 - 37Pereira - Risaralda"
"Impactos Lito-Gráficos S.A.S.",oimpacto.litografico@hotmail.com,.com,"(+57) 4 4340536","Cl 49 A 68 - 31Medellín - Antioquia"
"Gráficas Palatino",izquierdocorralessa@gmail.com,www.graficaspalatino.com,"(+57) 2 2113615(+57) 2 2122050(+57) 315 5900957(+57) 2 2133615(+57) 2 2123615(+57) 315 5900949","Cl 15 3 - 86Cartago - Valle Del Cauca"
"Impresos Y Terminados Leiron",leironimpresiones@hotmail.com,.com,"(+57) 312 8959296(+57) 2 8802467","Cl 20 3 - 25Cali - Valle Del Cauca"
"Servigrafic S.A.S.",servigrafic@servigrafic.com,www.servigrafic.com.co,"(+57) 2 6904802","Cr39 11-108 AcopiYumbo - Valle Del Cauca"
"Editorial Blanecolor",financiero@editorialblanecolor.com,www.editorialblanecolor.com,"(+57) 6 8848222(+57) 6 8847296","Cr18 27 - 35Manizales - Caldas"
Lugoimpresos,lugoimp@hotmail.com,.com,"(+57) 2 8839757(+57) 315 5740282","Cr3 N 24-68Cali - Valle Del Cauca"
